runcat,eta,V,maxFlx,avgFlx,freq,dpts,newSrc,ra,dec,logEta,logV,logFlux,distsEta,distsV,probability
956,286.7414014697532,0.0864066622599616,2.585026402934908,2.006472110296028,143.65081787109398,60,N,61.40891592969706,64.91922523380563,2.457490403555944,-1.0634527705860324,0.4124649832482892,1.8045997782241554,0.9185362144674738,99.81187907829079
915,10.3251255602384,1.504820618193733,0.0669060167694486,0.0036200164946214,143.65081787109398,5,N,62.79613317264787,66.44295234468146,1.013895341663753,0.17748473303834914,-1.174534824948577,1.3023621496352835,1.1420493481107434,99.7771648451065
1157,23.84714902828801,0.3380255570070627,0.1253911370530475,0.1119048706840084,143.65081787109398,58,N,62.56119908984087,64.90320677989791,1.3774364657538312,-0.47105046289530067,-0.9017331593983208,1.5040860672223326,0.6684070924715368,99.1288645571506
